ID,y
1,5.0
2,5.0
3,5.0
4,5.0
5,5.0
6,5.0
7,5.0
8,5.0
9,5.0
10,5.0
11,5.0
12,5.0
13,5.0
14,5.0
15,5.0
16,5.0
17,5.0
18,5.0
19,5.0
20,5.0
21,5.0
22,5.0
23,5.0
24,5.0
25,5.0
26,5.0
27,5.0
28,5.0
29,5.0
30,5.0
31,5.0
32,5.0
33,5.0
34,5.0
35,5.0
36,4.0
37,4.0
38,5.0
39,4.0
40,5.0
41,4.0
42,4.0
43,4.0
44,4.0
45,4.0
46,4.0
47,5.0
48,5.0
49,5.0
50,5.0
51,5.0
52,5.0
53,5.0
54,5.0
55,5.0
56,6.0
57,6.0
58,6.0
59,6.0
60,6.0
61,6.0
62,6.0
63,6.0
64,6.0
65,6.0
66,6.0
67,6.0
68,6.0
69,6.0
70,6.0
71,6.0
72,6.0
73,6.0
74,6.0
75,6.0
76,6.0
77,6.0
78,6.0
79,6.0
80,1.0
81,5.0
82,5.0
83,1.0
84,1.0
85,5.0
86,1.0
87,1.0
88,5.0
89,1.0
90,1.0
91,1.0
92,1.0
93,1.0
94,1.0
95,4.0
96,1.0
97,1.0
98,1.0
99,1.0
100,1.0
101,1.0
102,1.0
103,1.0
104,1.0
105,1.0
106,1.0
107,1.0
108,5.0
109,5.0
110,5.0
111,5.0
112,5.0
113,4.0
114,5.0
115,5.0
116,5.0
117,3.0
118,5.0
119,5.0
120,5.0
121,3.0
122,3.0
123,5.0
124,5.0
125,3.0
126,5.0
127,3.0
128,3.0
129,3.0
130,5.0
131,3.0
132,5.0
133,5.0
134,2.0
135,2.0
136,2.0
137,2.0
138,2.0
139,2.0
140,2.0
141,2.0
142,2.0
143,2.0
144,2.0
145,2.0
146,2.0
147,2.0
148,2.0
149,2.0
150,2.0
151,2.0
152,2.0
153,2.0
154,2.0
155,2.0
156,2.0
157,2.0
158,2.0
159,5.0
160,5.0
161,5.0
162,5.0
163,5.0
164,5.0
165,5.0
166,5.0
167,5.0
168,5.0
169,5.0
170,5.0
171,5.0
172,5.0
173,5.0
174,5.0
175,5.0
176,5.0
177,5.0
178,5.0
179,5.0
180,5.0
181,5.0
182,4.0
183,4.0
184,4.0
185,4.0
186,4.0
187,4.0
188,4.0
189,4.0
190,4.0
191,4.0
192,4.0
193,4.0
194,4.0
195,4.0
196,5.0
197,5.0
198,5.0
199,5.0
200,5.0
201,5.0
202,5.0
203,5.0
204,6.0
205,6.0
206,6.0
207,6.0
208,6.0
209,6.0
210,6.0
211,6.0
212,6.0
213,6.0
214,6.0
215,6.0
216,6.0
217,6.0
218,6.0
219,6.0
220,6.0
221,6.0
222,6.0
223,6.0
224,6.0
225,6.0
226,6.0
227,6.0
228,4.0
229,5.0
230,5.0
231,5.0
232,5.0
233,5.0
234,5.0
235,5.0
236,5.0
237,5.0
238,1.0
239,5.0
240,5.0
241,5.0
242,5.0
243,5.0
244,5.0
245,5.0
246,1.0
247,5.0
248,5.0
249,5.0
250,1.0
251,5.0
252,5.0
253,5.0
254,5.0
255,5.0
256,5.0
257,5.0
258,5.0
259,5.0
260,3.0
261,3.0
262,5.0
263,5.0
264,5.0
265,3.0
266,3.0
267,3.0
268,3.0
269,3.0
270,3.0
271,3.0
272,4.0
273,3.0
274,3.0
275,5.0
276,5.0
277,3.0
278,3.0
279,5.0
280,2.0
281,4.0
282,2.0
283,2.0
284,5.0
285,5.0
286,2.0
287,2.0
288,2.0
289,5.0
290,2.0
291,2.0
292,5.0
293,2.0
294,2.0
295,2.0
296,4.0
297,5.0
298,2.0
299,2.0
300,2.0
301,2.0
302,2.0
303,5.0
304,5.0
305,5.0
306,4.0
307,4.0
308,5.0
309,4.0
310,4.0
311,4.0
312,4.0
313,4.0
314,4.0
315,4.0
316,4.0
317,4.0
318,5.0
319,4.0
320,4.0
321,4.0
322,4.0
323,4.0
324,4.0
325,4.0
326,4.0
327,4.0
328,4.0
329,4.0
330,5.0
331,4.0
332,4.0
333,4.0
334,4.0
335,4.0
336,4.0
337,4.0
338,4.0
339,4.0
340,4.0
341,4.0
342,4.0
343,4.0
344,4.0
345,5.0
346,5.0
347,5.0
348,5.0
349,5.0
350,5.0
351,5.0
352,5.0
353,4.0
354,4.0
355,6.0
356,6.0
357,6.0
358,6.0
359,6.0
360,6.0
361,6.0
362,6.0
363,6.0
364,6.0
365,6.0
366,6.0
367,6.0
368,6.0
369,6.0
370,6.0
371,6.0
372,6.0
373,6.0
374,6.0
375,6.0
376,6.0
377,6.0
378,6.0
379,6.0
380,6.0
381,6.0
382,6.0
383,6.0
384,6.0
385,4.0
386,5.0
387,5.0
388,5.0
389,5.0
390,5.0
391,5.0
392,5.0
393,5.0
394,5.0
395,5.0
396,5.0
397,5.0
398,5.0
399,5.0
400,5.0
401,5.0
402,5.0
403,5.0
404,5.0
405,5.0
406,5.0
407,5.0
408,5.0
409,5.0
410,5.0
411,5.0
412,5.0
413,5.0
414,5.0
415,5.0
416,5.0
417,5.0
418,5.0
419,5.0
420,5.0
421,4.0
422,4.0
423,5.0
424,4.0
425,5.0
426,5.0
427,5.0
428,5.0
429,5.0
430,5.0
431,4.0
432,5.0
433,5.0
434,5.0
435,5.0
436,5.0
437,5.0
438,5.0
439,5.0
440,5.0
441,5.0
442,5.0
443,5.0
444,5.0
445,5.0
446,5.0
447,5.0
448,2.0
449,5.0
450,5.0
451,5.0
452,5.0
453,2.0
454,5.0
455,2.0
456,2.0
457,2.0
458,2.0
459,2.0
460,5.0
461,2.0
462,2.0
463,2.0
464,5.0
465,2.0
466,2.0
467,4.0
468,4.0
469,4.0
470,5.0
471,4.0
472,4.0
473,4.0
474,4.0
475,4.0
476,4.0
477,4.0
478,4.0
479,4.0
480,4.0
481,4.0
482,5.0
483,5.0
484,4.0
485,5.0
486,5.0
487,5.0
488,4.0
489,4.0
490,4.0
491,5.0
492,4.0
493,4.0
494,4.0
495,4.0
496,4.0
497,4.0
498,4.0
499,4.0
500,4.0
501,4.0
502,4.0
503,4.0
504,4.0
505,4.0
506,4.0
507,4.0
508,4.0
509,4.0
510,4.0
511,5.0
512,5.0
513,5.0
514,5.0
515,5.0
516,4.0
517,4.0
518,4.0
519,4.0
520,4.0
521,6.0
522,6.0
523,6.0
524,6.0
525,6.0
526,6.0
527,6.0
528,6.0
529,6.0
530,6.0
531,6.0
532,6.0
533,6.0
534,6.0
535,6.0
536,6.0
537,6.0
538,6.0
539,6.0
540,6.0
541,6.0
542,6.0
543,6.0
544,6.0
545,5.0
546,5.0
547,5.0
548,5.0
549,5.0
550,5.0
551,5.0
552,5.0
553,5.0
554,5.0
555,5.0
556,5.0
557,5.0
558,5.0
559,3.0
560,5.0
561,5.0
562,5.0
563,5.0
564,5.0
565,5.0
566,5.0
567,5.0
568,5.0
569,5.0
570,5.0
571,5.0
572,5.0
573,5.0
574,5.0
575,5.0
576,5.0
577,3.0
578,5.0
579,5.0
580,3.0
581,3.0
582,4.0
583,4.0
584,3.0
585,5.0
586,5.0
587,5.0
588,5.0
589,4.0
590,3.0
591,4.0
592,3.0
593,5.0
594,5.0
595,3.0
596,2.0
597,2.0
598,2.0
599,2.0
600,5.0
601,5.0
602,2.0
603,2.0
604,5.0
605,5.0
606,2.0
607,5.0
608,5.0
609,5.0
610,5.0
611,2.0
612,2.0
613,5.0
614,2.0
615,2.0
616,2.0
617,5.0
618,2.0
619,2.0
620,4.0
621,4.0
622,4.0
623,4.0
624,4.0
625,4.0
626,4.0
627,4.0
628,4.0
629,4.0
630,4.0
631,4.0
632,4.0
633,4.0
634,4.0
635,4.0
636,4.0
637,5.0
638,5.0
639,5.0
640,4.0
641,4.0
642,5.0
643,5.0
644,5.0
645,5.0
646,5.0
647,5.0
648,5.0
649,5.0
650,5.0
651,5.0
652,5.0
653,4.0
654,4.0
655,4.0
656,4.0
657,4.0
658,4.0
659,4.0
660,4.0
661,4.0
662,4.0
663,4.0
664,4.0
665,4.0
666,4.0
667,6.0
668,6.0
669,6.0
670,6.0
671,6.0
672,6.0
673,6.0
674,6.0
675,6.0
676,6.0
677,6.0
678,6.0
679,6.0
680,6.0
681,6.0
682,6.0
683,6.0
684,6.0
685,6.0
686,6.0
687,6.0
688,6.0
689,6.0
690,6.0
691,5.0
692,5.0
693,5.0
694,5.0
695,5.0
696,5.0
697,1.0
698,5.0
699,5.0
700,5.0
701,5.0
702,5.0
703,5.0
704,4.0
705,5.0
706,1.0
707,1.0
708,5.0
709,5.0
710,5.0
711,1.0
712,1.0
713,5.0
714,5.0
715,1.0
716,5.0
717,5.0
718,5.0
719,5.0
720,5.0
721,5.0
722,3.0
723,5.0
724,1.0
725,4.0
726,4.0
727,5.0
728,2.0
729,2.0
730,5.0
731,2.0
732,2.0
733,2.0
734,4.0
735,5.0
736,3.0
737,5.0
738,5.0
739,5.0
740,2.0
741,2.0
742,2.0
743,2.0
744,5.0
745,5.0
746,2.0
747,2.0
748,3.0
749,5.0
750,3.0
751,5.0
752,5.0
753,5.0
754,3.0
755,3.0
756,4.0
757,4.0
758,5.0
759,2.0
760,2.0
761,2.0
762,5.0
763,4.0
764,5.0
765,4.0
766,4.0
767,5.0
768,5.0
769,5.0
770,5.0
771,5.0
772,5.0
773,5.0
774,5.0
775,5.0
776,5.0
777,4.0
778,4.0
779,4.0
780,5.0
781,4.0
782,4.0
783,4.0
784,4.0
785,4.0
786,4.0
787,5.0
788,5.0
789,5.0
790,5.0
791,5.0
792,4.0
793,5.0
794,5.0
795,5.0
796,5.0
797,5.0
798,5.0
799,4.0
800,4.0
801,4.0
802,4.0
803,4.0
804,4.0
805,4.0
806,4.0
807,5.0
808,4.0
809,4.0
810,5.0
811,5.0
812,6.0
813,6.0
814,6.0
815,6.0
816,6.0
817,6.0
818,6.0
819,6.0
820,6.0
821,6.0
822,6.0
823,6.0
824,6.0
825,6.0
826,6.0
827,6.0
828,6.0
829,6.0
830,6.0
831,6.0
832,6.0
833,6.0
834,6.0
835,6.0
836,6.0
837,6.0
838,4.0
839,1.0
840,5.0
841,5.0
842,1.0
843,1.0
844,1.0
845,1.0
846,1.0
847,1.0
848,1.0
849,5.0
850,1.0
851,4.0
852,4.0
853,5.0
854,5.0
855,5.0
856,1.0
857,5.0
858,5.0
859,5.0
860,5.0
861,4.0
862,5.0
863,5.0
864,1.0
865,5.0
866,4.0
867,5.0
868,5.0
869,5.0
870,3.0
871,4.0
872,5.0
873,3.0
874,5.0
875,5.0
876,5.0
877,3.0
878,2.0
879,2.0
880,2.0
881,5.0
882,2.0
883,2.0
884,5.0
885,2.0
886,2.0
887,2.0
888,2.0
889,2.0
890,2.0
891,2.0
892,5.0
893,4.0
894,4.0
895,2.0
896,2.0
897,2.0
898,2.0
899,5.0
900,2.0
901,3.0
902,3.0
903,4.0
904,5.0
905,5.0
906,5.0
907,3.0
908,5.0
909,5.0
910,5.0
911,5.0
912,5.0
913,5.0
914,5.0
915,5.0
916,5.0
917,5.0
918,5.0
919,5.0
920,5.0
921,5.0
922,5.0
923,4.0
924,5.0
925,4.0
926,4.0
927,4.0
928,4.0
929,4.0
930,5.0
931,4.0
932,4.0
933,4.0
934,4.0
935,4.0
936,4.0
937,4.0
938,4.0
939,4.0
940,4.0
941,4.0
942,4.0
943,4.0
944,4.0
945,4.0
946,4.0
947,4.0
948,4.0
949,4.0
950,4.0
951,4.0
952,4.0
953,4.0
954,4.0
955,6.0
956,6.0
957,6.0
958,6.0
959,6.0
960,6.0
961,6.0
962,6.0
963,6.0
964,6.0
965,6.0
966,6.0
967,6.0
968,6.0
969,6.0
970,6.0
971,6.0
972,6.0
973,6.0
974,6.0
975,6.0
976,6.0
977,6.0
978,6.0
979,6.0
980,6.0
981,6.0
982,6.0
983,6.0
984,6.0
985,6.0
986,1.0
987,1.0
988,1.0
989,1.0
990,1.0
991,1.0
992,1.0
993,1.0
994,1.0
995,1.0
996,1.0
997,1.0
998,1.0
999,1.0
1000,1.0
1001,1.0
1002,1.0
1003,1.0
1004,1.0
1005,1.0
1006,1.0
1007,1.0
1008,1.0
1009,1.0
1010,1.0
1011,1.0
1012,1.0
1013,4.0
1014,3.0
1015,3.0
1016,1.0
1017,3.0
1018,3.0
1019,5.0
1020,5.0
1021,5.0
1022,5.0
1023,5.0
1024,5.0
1025,3.0
1026,5.0
1027,3.0
1028,5.0
1029,3.0
1030,5.0
1031,5.0
1032,2.0
1033,2.0
1034,2.0
1035,2.0
1036,2.0
1037,2.0
1038,2.0
1039,2.0
1040,2.0
1041,2.0
1042,2.0
1043,2.0
1044,2.0
1045,2.0
1046,2.0
1047,2.0
1048,2.0
1049,2.0
1050,2.0
1051,2.0
1052,2.0
1053,2.0
1054,2.0
1055,4.0
1056,4.0
1057,4.0
1058,4.0
1059,4.0
1060,4.0
1061,4.0
1062,4.0
1063,4.0
1064,4.0
1065,4.0
1066,4.0
1067,4.0
1068,4.0
1069,4.0
1070,4.0
1071,4.0
1072,4.0
1073,4.0
1074,4.0
1075,4.0
1076,5.0
1077,5.0
1078,5.0
1079,5.0
1080,5.0
1081,5.0
1082,5.0
1083,5.0
1084,5.0
1085,5.0
1086,5.0
1087,5.0
1088,5.0
1089,5.0
1090,5.0
1091,5.0
1092,5.0
1093,4.0
1094,4.0
1095,5.0
1096,5.0
1097,5.0
1098,5.0
1099,5.0
1100,5.0
1101,5.0
1102,5.0
1103,5.0
1104,5.0
1105,5.0
1106,6.0
1107,6.0
1108,6.0
1109,6.0
1110,6.0
1111,6.0
1112,6.0
1113,6.0
1114,6.0
1115,6.0
1116,6.0
1117,6.0
1118,6.0
1119,6.0
1120,6.0
1121,6.0
1122,6.0
1123,6.0
1124,6.0
1125,6.0
1126,6.0
1127,6.0
1128,6.0
1129,6.0
1130,6.0
1131,6.0
1132,6.0
1133,1.0
1134,1.0
1135,1.0
1136,5.0
1137,5.0
1138,1.0
1139,1.0
1140,1.0
1141,1.0
1142,1.0
1143,1.0
1144,1.0
1145,1.0
1146,5.0
1147,1.0
1148,5.0
1149,1.0
1150,5.0
1151,1.0
1152,1.0
1153,1.0
1154,1.0
1155,1.0
1156,1.0
1157,1.0
1158,1.0
1159,4.0
1160,5.0
1161,5.0
1162,5.0
1163,5.0
1164,5.0
1165,4.0
1166,5.0
1167,4.0
1168,5.0
1169,5.0
1170,4.0
1171,4.0
1172,5.0
1173,4.0
1174,5.0
1175,5.0
1176,5.0
1177,5.0
1178,2.0
1179,1.0
1180,1.0
1181,1.0
1182,1.0
1183,1.0
1184,4.0
1185,4.0
1186,2.0
1187,1.0
1188,1.0
1189,2.0
1190,4.0
1191,4.0
1192,1.0
1193,2.0
1194,2.0
1195,4.0
1196,5.0
1197,2.0
1198,4.0
1199,5.0
1200,2.0
1201,2.0
1202,5.0
1203,5.0
1204,5.0
1205,5.0
1206,5.0
1207,5.0
1208,5.0
1209,5.0
1210,5.0
1211,5.0
1212,5.0
1213,5.0
1214,5.0
1215,4.0
1216,4.0
1217,4.0
1218,4.0
1219,5.0
1220,5.0
1221,5.0
1222,5.0
1223,5.0
1224,5.0
1225,5.0
1226,5.0
1227,5.0
1228,5.0
1229,4.0
1230,4.0
1231,4.0
1232,4.0
1233,4.0
1234,4.0
1235,4.0
1236,4.0
1237,4.0
1238,4.0
1239,4.0
1240,4.0
1241,4.0
1242,4.0
1243,5.0
1244,5.0
1245,5.0
1246,4.0
1247,5.0
1248,5.0
1249,5.0
1250,5.0
1251,5.0
1252,5.0
1253,4.0
1254,4.0
1255,5.0
1256,4.0
1257,6.0
1258,6.0
1259,6.0
1260,6.0
1261,6.0
1262,6.0
1263,6.0
1264,6.0
1265,6.0
1266,6.0
1267,6.0
1268,6.0
1269,6.0
1270,6.0
1271,6.0
1272,6.0
1273,6.0
1274,6.0
1275,6.0
1276,6.0
1277,6.0
1278,6.0
1279,6.0
1280,6.0
1281,6.0
1282,6.0
1283,6.0
1284,2.0
1285,1.0
1286,1.0
1287,1.0
1288,1.0
1289,1.0
1290,1.0
1291,1.0
1292,1.0
1293,1.0
1294,1.0
1295,1.0
1296,1.0
1297,1.0
1298,2.0
1299,2.0
1300,1.0
1301,1.0
1302,1.0
1303,1.0
1304,1.0
1305,1.0
1306,1.0
1307,1.0
1308,1.0
1309,1.0
1310,1.0
1311,5.0
1312,4.0
1313,4.0
1314,3.0
1315,5.0
1316,5.0
1317,5.0
1318,5.0
1319,2.0
1320,4.0
1321,4.0
1322,5.0
1323,5.0
1324,5.0
1325,5.0
1326,5.0
1327,5.0
1328,5.0
1329,5.0
1330,5.0
1331,5.0
1332,5.0
1333,4.0
1334,5.0
1335,3.0
1336,2.0
1337,2.0
1338,2.0
1339,2.0
1340,5.0
1341,5.0
1342,2.0
1343,2.0
1344,2.0
1345,2.0
1346,4.0
1347,2.0
1348,5.0
1349,5.0
1350,5.0
1351,5.0
1352,5.0
1353,5.0
1354,2.0
1355,5.0
1356,2.0
1357,5.0
1358,5.0
1359,5.0
1360,5.0
1361,2.0
1362,2.0
1363,4.0
1364,5.0
1365,5.0
1366,5.0
1367,5.0
1368,5.0
1369,5.0
1370,5.0
1371,5.0
1372,5.0
1373,5.0
1374,5.0
1375,5.0
1376,5.0
1377,5.0
1378,5.0
1379,5.0
1380,5.0
1381,5.0
1382,5.0
1383,5.0
1384,5.0
1385,5.0
1386,5.0
1387,5.0
1388,5.0
1389,5.0
1390,5.0
1391,5.0
1392,4.0
1393,5.0
1394,5.0
1395,5.0
1396,5.0
1397,4.0
1398,4.0
1399,4.0
1400,4.0
1401,4.0
1402,4.0
1403,4.0
1404,4.0
1405,4.0
1406,4.0
1407,5.0
1408,4.0
1409,4.0
1410,4.0
1411,4.0
1412,5.0
1413,5.0
1414,5.0
1415,5.0
1416,5.0
1417,4.0
1418,4.0
1419,4.0
1420,6.0
1421,6.0
1422,6.0
1423,6.0
1424,6.0
1425,6.0
1426,6.0
1427,6.0
1428,6.0
1429,6.0
1430,6.0
1431,6.0
1432,6.0
1433,6.0
1434,6.0
1435,6.0
1436,6.0
1437,6.0
1438,6.0
1439,6.0
1440,6.0
1441,6.0
1442,6.0
1443,6.0
1444,6.0
1445,6.0
1446,6.0
1447,6.0
1448,6.0
1449,6.0
1450,6.0
1451,6.0
1452,6.0
1453,1.0
1454,1.0
1455,1.0
1456,1.0
1457,1.0
1458,1.0
1459,1.0
1460,1.0
1461,1.0
1462,1.0
1463,1.0
1464,1.0
1465,1.0
1466,1.0
1467,1.0
1468,1.0
1469,1.0
1470,1.0
1471,1.0
1472,1.0
1473,1.0
1474,1.0
1475,1.0
1476,5.0
1477,5.0
1478,3.0
1479,5.0
1480,5.0
1481,5.0
1482,5.0
1483,4.0
1484,4.0
1485,5.0
1486,3.0
1487,5.0
1488,5.0
1489,3.0
1490,4.0
1491,4.0
1492,4.0
1493,5.0
1494,5.0
1495,5.0
1496,5.0
1497,2.0
1498,4.0
1499,5.0
1500,5.0
1501,5.0
1502,5.0
1503,5.0
1504,5.0
1505,2.0
1506,5.0
1507,5.0
1508,5.0
1509,5.0
1510,5.0
1511,5.0
1512,5.0
1513,2.0
1514,4.0
1515,5.0
1516,5.0
1517,5.0
1518,5.0
1519,5.0
1520,2.0
1521,2.0
1522,5.0
1523,5.0
1524,5.0
1525,5.0
1526,5.0
1527,5.0
1528,5.0
1529,5.0
1530,5.0
1531,5.0
1532,5.0
1533,5.0
1534,5.0
1535,5.0
1536,5.0
1537,5.0
1538,5.0
1539,5.0
1540,5.0
1541,5.0
1542,5.0
1543,5.0
1544,5.0
1545,5.0
1546,5.0
1547,5.0
1548,5.0
1549,4.0
1550,4.0
1551,4.0
1552,4.0
1553,4.0
1554,4.0
1555,4.0
1556,4.0
1557,4.0
1558,4.0
1559,4.0
1560,4.0
1561,4.0
1562,4.0
1563,4.0
1564,4.0
1565,4.0
1566,4.0
1567,4.0
1568,4.0
1569,4.0
1570,4.0
1571,4.0
1572,4.0
1573,6.0
1574,6.0
1575,6.0
1576,6.0
1577,6.0
1578,6.0
1579,6.0
1580,6.0
1581,6.0
1582,6.0
1583,6.0
1584,6.0
1585,6.0
1586,6.0
1587,6.0
1588,6.0
1589,6.0
1590,6.0
1591,6.0
1592,6.0
1593,6.0
1594,6.0
1595,6.0
1596,6.0
1597,6.0
1598,6.0
1599,6.0
1600,6.0
1601,6.0
1602,6.0
1603,6.0
1604,6.0
1605,6.0
1606,1.0
1607,1.0
1608,1.0
1609,1.0
1610,1.0
1611,1.0
1612,1.0
1613,1.0
1614,5.0
1615,5.0
1616,1.0
1617,1.0
1618,1.0
1619,1.0
1620,5.0
1621,1.0
1622,1.0
1623,1.0
1624,1.0
1625,1.0
1626,1.0
1627,1.0
1628,1.0
1629,1.0
1630,1.0
1631,1.0
1632,1.0
1633,1.0
1634,1.0
1635,1.0
1636,5.0
1637,5.0
1638,5.0
1639,4.0
1640,5.0
1641,5.0
1642,5.0
1643,5.0
1644,5.0
1645,4.0
1646,5.0
1647,5.0
1648,5.0
1649,5.0
1650,5.0
1651,5.0
1652,5.0
1653,3.0
1654,2.0
1655,4.0
1656,2.0
1657,3.0
1658,3.0
1659,5.0
1660,5.0
1661,5.0
1662,5.0
1663,2.0
1664,2.0
1665,5.0
1666,5.0
1667,5.0
1668,5.0
1669,5.0
1670,2.0
1671,5.0
1672,4.0
1673,5.0
1674,2.0
1675,2.0
1676,5.0
1677,2.0
1678,2.0
1679,5.0
1680,5.0
1681,5.0
1682,2.0
1683,5.0
1684,2.0
1685,2.0
1686,2.0
1687,2.0
1688,2.0
1689,5.0
1690,5.0
1691,5.0
1692,2.0
1693,2.0
1694,5.0
1695,5.0
1696,5.0
1697,5.0
1698,5.0
1699,5.0
1700,5.0
1701,5.0
1702,5.0
1703,5.0
1704,5.0
1705,5.0
1706,5.0
1707,5.0
1708,5.0
1709,5.0
1710,5.0
1711,5.0
1712,5.0
1713,5.0
1714,5.0
1715,5.0
1716,5.0
1717,5.0
1718,5.0
1719,5.0
1720,5.0
1721,5.0
1722,5.0
1723,5.0
1724,4.0
1725,4.0
1726,4.0
1727,4.0
1728,4.0
1729,4.0
1730,4.0
1731,4.0
1732,4.0
1733,4.0
1734,4.0
1735,4.0
1736,5.0
1737,4.0
1738,4.0
1739,4.0
1740,4.0
1741,4.0
1742,4.0
1743,4.0
1744,4.0
1745,4.0
1746,4.0
1747,4.0
1748,4.0
1749,6.0
1750,6.0
1751,6.0
1752,6.0
1753,6.0
1754,6.0
1755,6.0
1756,6.0
1757,6.0
1758,6.0
1759,6.0
1760,6.0
1761,6.0
1762,6.0
1763,6.0
1764,6.0
1765,6.0
1766,6.0
1767,6.0
1768,6.0
1769,6.0
1770,6.0
1771,6.0
1772,6.0
1773,6.0
1774,6.0
1775,6.0
1776,6.0
1777,6.0
1778,4.0
1779,5.0
1780,5.0
1781,5.0
1782,1.0
1783,1.0
1784,1.0
1785,1.0
1786,1.0
1787,1.0
1788,1.0
1789,1.0
1790,1.0
1791,5.0
1792,1.0
1793,1.0
1794,1.0
1795,1.0
1796,1.0
1797,1.0
1798,1.0
1799,1.0
1800,1.0
1801,5.0
1802,5.0
1803,2.0
1804,2.0
1805,5.0
1806,5.0
1807,3.0
1808,5.0
1809,5.0
1810,5.0
1811,5.0
1812,3.0
1813,3.0
1814,3.0
1815,5.0
1816,5.0
1817,5.0
1818,5.0
1819,4.0
1820,3.0
1821,5.0
1822,5.0
1823,5.0
1824,3.0
1825,2.0
1826,2.0
1827,2.0
1828,2.0
1829,5.0
1830,5.0
1831,2.0
1832,2.0
1833,2.0
1834,2.0
1835,2.0
1836,2.0
1837,5.0
1838,2.0
1839,2.0
1840,2.0
1841,2.0
1842,2.0
1843,5.0
1844,5.0
1845,2.0
1846,2.0
1847,5.0
1848,2.0
1849,5.0
1850,5.0
1851,5.0
1852,5.0
1853,5.0
1854,5.0
1855,5.0
1856,5.0
1857,5.0
1858,5.0
1859,5.0
1860,5.0
1861,5.0
1862,5.0
1863,5.0
1864,5.0
1865,5.0
1866,5.0
1867,5.0
1868,5.0
1869,5.0
1870,5.0
1871,5.0
1872,5.0
1873,5.0
1874,5.0
1875,5.0
1876,5.0
1877,5.0
1878,5.0
1879,5.0
1880,5.0
1881,5.0
1882,5.0
1883,5.0
1884,5.0
1885,5.0
1886,5.0
1887,5.0
1888,5.0
1889,4.0
1890,4.0
1891,4.0
1892,4.0
1893,4.0
1894,4.0
1895,4.0
1896,4.0
1897,4.0
1898,4.0
1899,4.0
1900,4.0
1901,4.0
1902,4.0
1903,4.0
1904,4.0
1905,4.0
1906,4.0
1907,4.0
1908,4.0
1909,4.0
1910,4.0
1911,4.0
1912,4.0
1913,4.0
1914,4.0
1915,4.0
1916,4.0
1917,4.0
1918,4.0
1919,6.0
1920,6.0
1921,6.0
1922,6.0
1923,6.0
1924,6.0
1925,6.0
1926,6.0
1927,6.0
1928,6.0
1929,6.0
1930,6.0
1931,6.0
1932,6.0
1933,6.0
1934,6.0
1935,6.0
1936,6.0
1937,6.0
1938,6.0
1939,6.0
1940,6.0
1941,6.0
1942,6.0
1943,6.0
1944,6.0
1945,6.0
1946,6.0
1947,6.0
1948,6.0
1949,6.0
1950,6.0
1951,1.0
1952,5.0
1953,5.0
1954,5.0
1955,1.0
1956,1.0
1957,5.0
1958,1.0
1959,1.0
1960,1.0
1961,5.0
1962,1.0
1963,5.0
1964,1.0
1965,5.0
1966,1.0
1967,1.0
1968,1.0
1969,1.0
1970,1.0
1971,1.0
1972,5.0
1973,1.0
1974,1.0
1975,1.0
1976,1.0
1977,1.0
1978,1.0
1979,1.0
1980,5.0
1981,5.0
1982,5.0
1983,5.0
1984,5.0
1985,5.0
1986,5.0
1987,5.0
1988,5.0
1989,5.0
1990,2.0
1991,5.0
1992,2.0
1993,2.0
1994,2.0
1995,2.0
1996,2.0
1997,2.0
1998,2.0
1999,2.0
2000,4.0
2001,5.0
2002,5.0
2003,5.0
2004,5.0
2005,5.0
2006,5.0
2007,5.0
2008,5.0
2009,5.0
2010,5.0
2011,1.0
2012,2.0
2013,2.0
2014,2.0
2015,5.0
2016,5.0
2017,4.0
2018,4.0
2019,5.0
2020,5.0
2021,5.0
2022,5.0
2023,5.0
2024,5.0
2025,5.0
2026,5.0
2027,2.0
2028,5.0
2029,5.0
2030,2.0
2031,2.0
2032,5.0
2033,2.0
2034,2.0
2035,2.0
2036,2.0
2037,5.0
2038,5.0
2039,5.0
2040,5.0
2041,5.0
2042,5.0
2043,5.0
2044,5.0
2045,5.0
2046,5.0
2047,5.0
2048,5.0
2049,5.0
2050,5.0
2051,5.0
2052,5.0
2053,5.0
2054,5.0
2055,5.0
2056,5.0
2057,5.0
2058,5.0
2059,5.0
2060,5.0
2061,5.0
2062,5.0
2063,5.0
2064,5.0
2065,5.0
2066,5.0
2067,5.0
2068,5.0
2069,5.0
2070,4.0
2071,4.0
2072,4.0
2073,4.0
2074,4.0
2075,4.0
2076,4.0
2077,4.0
2078,4.0
2079,4.0
2080,4.0
2081,4.0
2082,4.0
2083,4.0
2084,4.0
2085,4.0
2086,4.0
2087,4.0
2088,4.0
2089,4.0
2090,4.0
2091,4.0
2092,4.0
2093,4.0
2094,4.0
2095,4.0
2096,4.0
2097,6.0
2098,6.0
2099,6.0
2100,6.0
2101,6.0
2102,6.0
2103,6.0
2104,6.0
2105,6.0
2106,6.0
2107,6.0
2108,6.0
2109,6.0
2110,6.0
2111,6.0
2112,6.0
2113,6.0
2114,6.0
2115,6.0
2116,6.0
2117,6.0
2118,6.0
2119,6.0
2120,6.0
2121,6.0
2122,6.0
2123,6.0
2124,6.0
2125,6.0
2126,6.0
2127,6.0
2128,6.0
2129,6.0
2130,4.0
2131,1.0
2132,1.0
2133,1.0
2134,5.0
2135,5.0
2136,5.0
2137,1.0
2138,1.0
2139,1.0
2140,1.0
2141,5.0
2142,5.0
2143,1.0
2144,1.0
2145,1.0
2146,1.0
2147,5.0
2148,5.0
2149,5.0
2150,5.0
2151,1.0
2152,5.0
2153,5.0
2154,5.0
2155,5.0
2156,1.0
2157,5.0
2158,5.0
2159,5.0
2160,3.0
2161,5.0
2162,5.0
2163,5.0
2164,5.0
2165,5.0
2166,4.0
2167,5.0
2168,5.0
2169,4.0
2170,5.0
2171,5.0
2172,5.0
2173,3.0
2174,5.0
2175,2.0
2176,2.0
2177,2.0
2178,2.0
2179,2.0
2180,2.0
2181,2.0
2182,2.0
2183,2.0
2184,2.0
2185,2.0
2186,5.0
2187,2.0
2188,2.0
2189,2.0
2190,2.0
2191,2.0
2192,2.0
2193,2.0
2194,4.0
2195,5.0
2196,2.0
2197,2.0
2198,2.0
2199,2.0
2200,2.0
2201,2.0
2202,2.0
2203,2.0
2204,4.0
2205,5.0
2206,5.0
2207,5.0
2208,5.0
2209,5.0
2210,5.0
2211,5.0
2212,3.0
2213,5.0
2214,5.0
2215,5.0
2216,5.0
2217,5.0
2218,5.0
2219,5.0
2220,5.0
2221,5.0
2222,5.0
2223,5.0
2224,5.0
2225,5.0
2226,5.0
2227,5.0
2228,5.0
2229,5.0
2230,5.0
2231,5.0
2232,5.0
2233,5.0
2234,5.0
2235,5.0
2236,5.0
2237,5.0
2238,5.0
2239,5.0
2240,5.0
2241,5.0
2242,5.0
2243,5.0
2244,5.0
2245,5.0
2246,5.0
2247,5.0
2248,5.0
2249,5.0
2250,5.0
2251,4.0
2252,4.0
2253,4.0
2254,4.0
2255,4.0
2256,4.0
2257,4.0
2258,4.0
2259,4.0
2260,4.0
2261,4.0
2262,4.0
2263,4.0
2264,4.0
2265,4.0
2266,4.0
2267,4.0
2268,4.0
2269,4.0
2270,4.0
2271,4.0
2272,4.0
2273,4.0
2274,4.0
2275,4.0
2276,4.0
2277,4.0
2278,4.0
2279,4.0
2280,4.0
2281,4.0
2282,4.0
2283,4.0
2284,4.0
2285,4.0
2286,4.0
2287,6.0
2288,6.0
2289,6.0
2290,6.0
2291,6.0
2292,6.0
2293,6.0
2294,6.0
2295,6.0
2296,6.0
2297,6.0
2298,6.0
2299,6.0
2300,6.0
2301,6.0
2302,6.0
2303,6.0
2304,6.0
2305,6.0
2306,6.0
2307,6.0
2308,6.0
2309,6.0
2310,6.0
2311,6.0
2312,6.0
2313,6.0
2314,6.0
2315,6.0
2316,6.0
2317,6.0
2318,1.0
2319,1.0
2320,1.0
2321,1.0
2322,1.0
2323,1.0
2324,1.0
2325,1.0
2326,1.0
2327,1.0
2328,1.0
2329,1.0
2330,1.0
2331,1.0
2332,1.0
2333,1.0
2334,1.0
2335,1.0
2336,1.0
2337,1.0
2338,1.0
2339,1.0
2340,1.0
2341,1.0
2342,1.0
2343,1.0
2344,1.0
2345,3.0
2346,3.0
2347,3.0
2348,3.0
2349,3.0
2350,3.0
2351,3.0
2352,5.0
2353,3.0
2354,3.0
2355,3.0
2356,3.0
2357,3.0
2358,3.0
2359,5.0
2360,5.0
2361,3.0
2362,3.0
2363,5.0
2364,5.0
2365,3.0
2366,3.0
2367,5.0
2368,5.0
2369,2.0
2370,5.0
2371,2.0
2372,2.0
2373,2.0
2374,4.0
2375,5.0
2376,5.0
2377,5.0
2378,2.0
2379,5.0
2380,5.0
2381,5.0
2382,5.0
2383,2.0
2384,5.0
2385,2.0
2386,5.0
2387,2.0
2388,2.0
2389,5.0
2390,2.0
2391,2.0
2392,2.0
2393,5.0
2394,5.0
2395,5.0
2396,5.0
2397,5.0
2398,5.0
2399,5.0
2400,5.0
2401,5.0
2402,5.0
2403,5.0
2404,5.0
2405,5.0
2406,5.0
2407,5.0
2408,5.0
2409,5.0
2410,5.0
2411,5.0
2412,5.0
2413,5.0
2414,5.0
2415,5.0
2416,5.0
2417,5.0
2418,5.0
2419,5.0
2420,5.0
2421,5.0
2422,5.0
2423,5.0
2424,5.0
2425,5.0
2426,5.0
2427,5.0
2428,4.0
2429,4.0
2430,4.0
2431,4.0
2432,4.0
2433,4.0
2434,4.0
2435,4.0
2436,4.0
2437,4.0
2438,4.0
2439,4.0
2440,4.0
2441,4.0
2442,4.0
2443,4.0
2444,4.0
2445,4.0
2446,4.0
2447,4.0
2448,4.0
2449,4.0
2450,4.0
2451,4.0
2452,4.0
2453,4.0
2454,4.0
2455,4.0
2456,4.0
2457,4.0
2458,6.0
2459,6.0
2460,6.0
2461,6.0
2462,6.0
2463,6.0
2464,6.0
2465,6.0
2466,6.0
2467,6.0
2468,6.0
2469,6.0
2470,6.0
2471,6.0
2472,6.0
2473,6.0
2474,6.0
2475,6.0
2476,6.0
2477,6.0
2478,6.0
2479,6.0
2480,6.0
2481,6.0
2482,6.0
2483,6.0
2484,6.0
2485,6.0
2486,6.0
2487,6.0
2488,6.0
2489,6.0
2490,6.0
2491,6.0
2492,6.0
2493,6.0
2494,6.0
2495,1.0
2496,1.0
2497,1.0
2498,1.0
2499,1.0
2500,1.0
2501,1.0
2502,1.0
2503,1.0
2504,1.0
2505,1.0
2506,1.0
2507,1.0
2508,1.0
2509,1.0
2510,1.0
2511,1.0
2512,1.0
2513,1.0
2514,1.0
2515,1.0
2516,1.0
2517,1.0
2518,1.0
2519,3.0
2520,3.0
2521,3.0
2522,3.0
2523,5.0
2524,5.0
2525,3.0
2526,3.0
2527,3.0
2528,3.0
2529,3.0
2530,3.0
2531,1.0
2532,3.0
2533,3.0
2534,4.0
2535,4.0
2536,3.0
2537,3.0
2538,5.0
2539,5.0
2540,5.0
2541,3.0
2542,2.0
2543,2.0
2544,2.0
2545,2.0
2546,2.0
2547,2.0
2548,2.0
2549,2.0
2550,2.0
2551,2.0
2552,2.0
2553,2.0
2554,5.0
2555,5.0
2556,5.0
2557,4.0
2558,2.0
2559,2.0
2560,2.0
2561,2.0
2562,5.0
2563,2.0
2564,2.0
2565,2.0
2566,2.0
2567,5.0
2568,5.0
2569,5.0
2570,5.0
2571,5.0
2572,5.0
2573,5.0
2574,5.0
2575,5.0
2576,5.0
2577,5.0
2578,5.0
2579,5.0
2580,5.0
2581,5.0
2582,5.0
2583,5.0
2584,5.0
2585,5.0
2586,4.0
2587,4.0
2588,5.0
2589,5.0
2590,5.0
2591,5.0
2592,5.0
2593,4.0
2594,4.0
2595,4.0
2596,4.0
2597,4.0
2598,4.0
2599,4.0
2600,4.0
2601,4.0
2602,4.0
2603,4.0
2604,4.0
2605,4.0
2606,4.0
2607,4.0
2608,4.0
2609,4.0
2610,4.0
2611,4.0
2612,4.0
2613,4.0
2614,4.0
2615,4.0
2616,4.0
2617,4.0
2618,4.0
2619,4.0
2620,4.0
2621,4.0
2622,4.0
2623,4.0
2624,4.0
2625,4.0
2626,4.0
2627,4.0
2628,4.0
2629,4.0
2630,4.0
2631,4.0
2632,4.0
2633,4.0
2634,6.0
2635,6.0
2636,6.0
2637,6.0
2638,6.0
2639,6.0
2640,6.0
2641,6.0
2642,6.0
2643,6.0
2644,6.0
2645,6.0
2646,6.0
2647,6.0
2648,6.0
2649,6.0
2650,6.0
2651,6.0
2652,6.0
2653,6.0
2654,6.0
2655,6.0
2656,6.0
2657,6.0
2658,6.0
2659,6.0
2660,6.0
2661,6.0
2662,6.0
2663,6.0
2664,6.0
2665,6.0
2666,6.0
2667,6.0
2668,6.0
2669,6.0
2670,5.0
2671,5.0
2672,4.0
2673,5.0
2674,1.0
2675,5.0
2676,5.0
2677,1.0
2678,5.0
2679,1.0
2680,1.0
2681,1.0
2682,1.0
2683,1.0
2684,4.0
2685,4.0
2686,4.0
2687,1.0
2688,1.0
2689,1.0
2690,1.0
2691,1.0
2692,1.0
2693,1.0
2694,1.0
2695,1.0
2696,1.0
2697,1.0
2698,5.0
2699,4.0
2700,3.0
2701,4.0
2702,4.0
2703,3.0
2704,5.0
2705,4.0
2706,4.0
2707,5.0
2708,4.0
2709,5.0
2710,5.0
2711,5.0
2712,5.0
2713,4.0
2714,4.0
2715,4.0
2716,5.0
2717,5.0
2718,4.0
2719,5.0
2720,5.0
2721,5.0
2722,5.0
2723,5.0
2724,5.0
2725,5.0
2726,5.0
2727,4.0
2728,4.0
2729,2.0
2730,5.0
2731,5.0
2732,2.0
2733,2.0
2734,5.0
2735,5.0
2736,5.0
2737,5.0
2738,5.0
2739,5.0
2740,5.0
2741,2.0
2742,2.0
2743,4.0
2744,2.0
2745,5.0
2746,5.0
2747,5.0
2748,5.0
2749,5.0
2750,5.0
2751,2.0
2752,2.0
2753,2.0
2754,5.0
2755,5.0
2756,5.0
2757,5.0
2758,5.0
2759,5.0
2760,5.0
2761,5.0
2762,5.0
2763,5.0
2764,5.0
2765,5.0
2766,5.0
2767,5.0
2768,5.0
2769,5.0
2770,5.0
2771,5.0
2772,5.0
2773,5.0
2774,4.0
2775,4.0
2776,4.0
2777,4.0
2778,4.0
2779,5.0
2780,5.0
2781,5.0
2782,5.0
2783,4.0
2784,5.0
2785,5.0
2786,5.0
2787,5.0
2788,5.0
2789,5.0
2790,4.0
2791,4.0
2792,4.0
2793,4.0
2794,4.0
2795,4.0
2796,4.0
2797,4.0
2798,4.0
2799,4.0
2800,4.0
2801,4.0
2802,4.0
2803,4.0
2804,4.0
2805,4.0
2806,4.0
2807,4.0
2808,4.0
2809,4.0
2810,4.0
2811,4.0
2812,4.0
2813,4.0
2814,4.0
2815,4.0
2816,4.0
2817,4.0
2818,4.0
2819,4.0
2820,4.0
2821,4.0
2822,4.0
2823,4.0
2824,6.0
2825,6.0
2826,6.0
2827,6.0
2828,6.0
2829,6.0
2830,6.0
2831,6.0
2832,6.0
2833,6.0
2834,6.0
2835,6.0
2836,6.0
2837,6.0
2838,6.0
2839,6.0
2840,6.0
2841,6.0
2842,6.0
2843,6.0
2844,6.0
2845,6.0
2846,6.0
2847,6.0
2848,6.0
2849,6.0
2850,6.0
2851,6.0
2852,6.0
2853,6.0
2854,6.0
2855,6.0
2856,6.0
2857,6.0
2858,6.0
2859,6.0
2860,4.0
2861,1.0
2862,1.0
2863,1.0
2864,5.0
2865,1.0
2866,5.0
2867,1.0
2868,5.0
2869,5.0
2870,4.0
2871,4.0
2872,1.0
2873,5.0
2874,4.0
2875,4.0
2876,1.0
2877,1.0
2878,5.0
2879,5.0
2880,1.0
2881,1.0
2882,1.0
2883,4.0
2884,1.0
2885,1.0
2886,1.0
2887,1.0
2888,1.0
2889,1.0
2890,5.0
2891,5.0
2892,5.0
2893,5.0
2894,5.0
2895,5.0
2896,5.0
2897,5.0
2898,5.0
2899,5.0
2900,4.0
2901,4.0
2902,5.0
2903,5.0
2904,5.0
2905,5.0
2906,5.0
2907,5.0
2908,5.0
2909,2.0
2910,2.0
2911,5.0
2912,5.0
2913,2.0
2914,5.0
2915,5.0
2916,2.0
2917,2.0
2918,5.0
2919,2.0
2920,5.0
2921,2.0
2922,2.0
2923,2.0
2924,2.0
2925,5.0
2926,2.0
2927,2.0
2928,5.0
2929,4.0
2930,4.0
2931,5.0
2932,5.0
2933,5.0
2934,5.0
2935,4.0
2936,5.0
2937,3.0
2938,2.0
2939,2.0
2940,2.0
2941,2.0
2942,2.0
2943,2.0
2944,2.0
2945,5.0
2946,2.0
2947,2.0
